{"accuracy": 0.8292110018068661, "confusion_matrix": [[3752, 3317], [5190, 37551]], "labels": ["diabetes", "no diabetes"], "best_params": {"bootstrap": true, "max_depth": 15, "max_features": "sqrt", "min_samples_leaf": 2, "min_samples_split": 5, "n_estimators": 200}, "threshold_macro_f1": 0.5099999999999998, "threshold_recall_0": 0.8999999999999996, "selected_features": [1, 2, 3, 4, 5, 6, 7, 8, 9, 10, 11, 12, 13, 14, 15, 16, 17, 18, 19, 20, 21, 22, 23, 24, 25, 26, 27, 28, 29, 30], "proper_cv_score": 0.6554162941912443}